lambdas_norm [3.0, 6.0, 9.0] musss [[[0.5, 0.5, 1.0], [1.0, 2.5, 2.0], [5.0, 3.0, 2.5]]] alphass [[0.0, 0.1, 0.0], [0.0, 0.0, 0.1], [0.1, 0.0, 0.0]] num_jobs 100000000
seed 0
0.98;
0;906221;1909372;2391896;2405582;2314735;2233188;2162685;2100607;2048100;1993346;1942839;1886457;1822834;1765478;1712129;1658303;1605258;1558182;1514992;1475116;1429649;1391729;1355061;1312363;1274766;1238933;1198913;1163425;1130908;1096875;1068136;1036486;1004971;972374;944989;917589;892580;865992;839967;809474;784912;757124;732698;714221;697286;679779;661870;639746;619494;596144;579832;566430;553824;541489;518624;501694;483767;468208;455137;440961;427259;415140;404013;393108;382614;372359;360599;349656;338543;328915;320297;308874;300863;290577;281574;273684;263205;256481;249638;242420;234598;228946;219698;211833;205457;200320;194207;187835;182565;177450;172627;168169;163606;158838;152671;148189;141674;136983;133176;129498;126137;122026;117862;114650;111382;107923;106710;102746;99562;97823;95517;92596;88164;83455;83033;79960;78310;77240;76533;74835;72381;69570;67131;64755;63787;61401;59156;56350;54714;52570;51878;50299;47176;45320;44815;43305;42419;40939;39834;38734;37153;35990;34082;33519;32876;31958;30757;30281;28635;28020;27993;27471;26910;26644;25651;25048;24396;24118;23410;22507;21130;20362;21181;20522;19663;18791;17727;16625;16266;15860;15557;15456;15357;14321;13955;13330;12806;13078;11849;11522;10676;10816;10359;9951;9342;8768;9001;8825;8590;8494;8313;7946;7966;7750;7464;6981;6989;6897;6722;6096;6182;5856;5719;5603;5462;5359;5020;4788;5012;5013;4786;4511;4099;4069;3662;3619;3509;3417;3587;3431;3194;3079;3006;3139;3056;3201;2897;2879;2852;2889;2731;2766;2721;2583;2644;2709;2572;2351;2309;2105;1746;1614;1711;1614;1523;1531;1495;1583;1547;1498;1442;1265;1322;1094;991;1014;1150;1159;1021;1050;1036;903;856;735;933;901;742;670;669;566;505;582;644;626;683;757;736;821;673;638;596;606;577;534;637;671;506;502;516;592;522;502;546;503;526;571;527;535;472;430;467;452;393;427;436;370;364;326;351;326;268;293;346;379;282;195;233;291;228;209;219;195;160;158;132;140;94;57;68;68;71;52;51;53;34;27;41;38;18;9;6;7;11;1;
1;1085628;2247910;2573838;2477853;2338976;2233122;2157906;2094453;2031648;1974464;1924810;1863954;1801845;1744831;1690242;1637318;1587678;1542207;1499465;1454809;1416774;1376302;1336001;1300457;1261842;1223508;1186572;1150299;1117488;1086800;1053547;1023002;990358;964224;933835;908918;880804;856047;828103;798405;772728;749141;727435;707836;689641;673000;652829;634448;609103;589323;574910;563064;549336;532766;511209;493803;475392;461810;448954;437787;424046;410356;400315;389526;377529;367998;356523;345214;335371;325283;315193;305698;297056;286310;278595;270632;260015;253007;247175;239391;232889;225583;217044;210008;203408;197689;191392;185193;179890;176121;171684;167408;161479;155685;151039;144886;140971;136252;131733;127799;123516;120670;116370;113679;109865;107288;104965;101560;98507;97617;94831;90762;86183;83552;80928;79639;77348;77343;75713;73360;71228;68835;66592;64171;62625;61316;57909;55791;54050;52322;51803;48897;46654;45117;44300;42564;41845;40459;39290;37892;36587;35167;33982;33520;32170;31732;30656;29199;28302;28000;27958;26934;27012;26853;25470;24703;24293;23626;23003;21908;21364;20615;20835;20004;18689;18402;17999;16547;15526;15540;15519;15593;15027;14271;13672;13177;13090;12521;11581;11252;10628;10854;10131;9554;9108;8987;9017;8836;8655;8225;8190;8118;7854;7368;7272;7060;7097;6643;6499;6334;5867;5722;5640;5580;5479;5138;5060;4749;4942;4904;4811;4292;4173;3867;3658;3586;3597;3527;3475;3245;3132;2996;3076;3099;3043;3068;2888;2761;2983;2954;2723;2797;2654;2697;2730;2560;2395;2452;2196;1994;1695;1727;1535;1585;1434;1595;1562;1667;1552;1409;1287;1229;1265;1074;1039;1064;1144;1147;1015;991;1004;919;791;874;838;822;684;670;693;569;559;573;596;711;712;761;752;699;733;656;540;556;561;588;692;564;466;534;564;574;522;494;506;553;526;558;509;534;429;421;449;451;453;418;403;354;351;393;372;249;274;324;358;303;248;214;280;286;227;200;207;225;117;136;136;127;72;51;63;72;61;67;49;40;25;31;47;31;7;8;7;14;8;
2;1544513;2549006;2607947;2448628;2308224;2206592;2133691;2069976;2011172;1956707;1903953;1845015;1783888;1723253;1670900;1624090;1571207;1528455;1487430;1442610;1404470;1363391;1322955;1289218;1249608;1211710;1173346;1139422;1106781;1075202;1047668;1014736;979357;954005;926360;901381;872005;847055;820146;789290;763677;740248;721298;702579;684784;667735;649148;624172;602909;584194;571554;559203;545574;525001;505052;486894;472615;457156;444900;432154;419876;405667;397663;386653;375217;364687;353271;340892;331420;323104;312139;303101;293057;284188;275689;266426;258725;251216;244775;236467;230518;223164;214845;207024;202175;196390;189143;183589;178287;174596;169595;164957;161284;154130;148909;143142;139268;134984;130369;126563;123087;118205;115914;112622;109022;106828;104326;99915;98736;96674;93591;88688;85264;83222;80771;78517;77756;76754;74998;72968;70427;68057;65704;63583;62121;60008;57633;55091;53701;52105;50932;47902;45862;44934;43801;42802;41062;39947;38676;37511;35876;34498;33954;33099;32529;31702;30210;28831;28127;28145;27635;26878;26905;26139;25407;24644;24532;23445;22699;21570;20810;20481;20819;19895;18543;17950;17078;16176;15809;15651;15507;15560;14818;13942;13553;13007;12853;12166;11567;11271;11029;10293;9889;9364;8912;9139;8918;8560;8695;8268;8102;8150;7784;7355;7189;7003;6788;6655;6432;6284;5893;5598;5435;5667;5552;5081;4879;4965;4834;4732;4514;4355;4058;3737;3762;3580;3717;3516;3390;3164;3062;3058;3020;3062;2954;3139;2872;2868;2949;2836;2790;2784;2689;2719;2700;2371;2449;2448;2130;1730;1662;1713;1579;1595;1483;1571;1588;1594;1571;1391;1334;1219;1153;1050;1030;1087;1144;1054;1006;1013;996;891;803;848;828;733;719;687;610;569;500;649;638;706;734;750;784;665;699;606;602;582;519;643;668;528;467;582;590;520;484;526;531;522;526;518;496;499;431;496;421;397;440;497;367;386;345;405;303;275;272;309;360;344;215;209;239;259;209;202;224;228;129;120;135;121;71;61;47;77;69;53;52;35;28;46;44;15;9;6;5;11;7;
seed 1
0.98;
0;924864;1948211;2441128;2451423;2365520;2278003;2213326;2146381;2086167;2033098;1975733;1919222;1861624;1804292;1752312;1700942;1646425;1598773;1548726;1503215;1456414;1417722;1374219;1336014;1290876;1251580;1216088;1180660;1144316;1113620;1077427;1046772;1010695;976943;946579;914946;883840;860700;834266;804341;779977;756820;737888;718998;698149;677733;654871;637657;617855;597571;579974;563867;544281;529770;514269;496715;480164;465603;452985;438559;424381;408790;395173;382723;371033;361320;350470;338997;330495;321286;309964;300944;291889;282471;271165;262823;257945;247394;237212;229328;221351;215010;208584;200469;195022;185159;180195;174704;170716;166796;160166;151954;148264;141834;134494;133138;129095;124230;120150;116178;113123;108526;106113;102061;98647;95712;91472;89763;87858;84865;80407;77693;77054;74919;72837;70832;69179;67656;66130;63148;61728;60418;59285;56523;55516;53366;51031;48548;46125;45483;44863;44310;43158;41738;41158;39926;38997;38162;36565;34217;33526;33593;32704;32033;30684;30769;29788;28245;27698;27596;26355;25968;24600;23731;23573;21948;21018;20132;19677;19317;18586;18036;17084;17339;17277;17265;16289;16192;15480;14833;14803;13860;13764;13242;12344;12364;11855;11839;11299;10201;9787;9406;8697;8592;8497;7712;7187;7261;7316;7296;6982;6370;5854;5625;5763;5596;5019;4757;4676;4762;4567;4670;4372;4287;4094;3845;3763;3743;3354;3230;3202;3033;2904;2874;2764;2615;2469;2411;2291;2076;2136;2259;2280;2132;2102;2162;1931;1684;1415;1242;1233;1221;1037;1115;1013;1047;1105;955;1030;1015;1062;1097;1062;1094;1176;1362;1351;1452;1528;1402;1447;1585;1538;1539;1406;1191;1182;1155;1061;1222;1168;1422;1410;1505;1354;1274;1275;1261;1174;997;900;784;744;842;701;765;841;876;974;1027;966;926;973;826;760;796;898;684;587;687;740;708;813;653;541;532;623;487;451;481;456;494;536;415;441;361;347;396;364;336;330;373;392;362;381;426;361;393;396;287;235;194;137;116;121;157;156;128;139;62;91;145;143;91;120;173;116;91;44;32;36;40;93;112;71;57;45;26;33;39;83;50;36;91;99;73;132;119;123;143;183;175;184;256;226;186;227;262;225;173;208;173;167;194;168;121;94;98;73;50;71;96;95;145;105;48;28;3;
1;1108327;2295891;2629895;2523575;2388105;2281301;2204901;2132938;2071758;2015252;1955057;1898477;1843137;1784366;1728829;1679683;1629997;1578808;1530442;1487069;1442393;1398864;1358996;1317950;1278416;1236768;1203845;1165104;1130825;1099900;1066219;1034472;996720;963245;933860;902417;875265;850547;822860;797153;770106;749370;729636;709853;689920;667723;647031;630678;610928;590307;574088;555375;541087;524634;507359;490697;474842;461535;445556;431923;418768;404197;391773;377378;365955;355887;344189;336798;327135;317710;306681;298433;287871;278352;267937;260333;252367;243720;234223;225856;219575;213218;206245;197824;190194;183503;178664;174407;168218;164605;157070;149413;145332;139266;133648;132160;127892;122244;118581;114719;111762;107289;103488;101182;97753;94205;90229;88840;86414;83194;79478;78291;76426;74447;71848;70066;68756;66911;65274;62590;60435;60114;57485;56122;55491;52796;49628;47711;45945;45117;44493;43687;42425;41338;40306;39596;39352;37208;35431;34311;32973;32931;32631;31838;31173;30256;29948;27934;27517;27109;26501;25378;24647;23699;22670;21502;20249;19976;20123;18888;18364;17265;17115;17502;17512;16692;16307;15909;15334;14689;14596;13791;13527;12889;12605;11901;11803;11511;10625;10202;9737;9089;8548;8643;8049;7663;7414;7205;7330;7265;6837;6131;5790;5558;5713;5256;4792;4754;4622;4788;4534;4583;4550;4194;3940;3751;3632;3707;3395;3155;3133;2996;2920;2851;2724;2505;2437;2401;2081;2078;2183;2236;2262;2154;2172;2061;1855;1548;1319;1374;1260;1157;1069;1008;969;1036;1090;1066;931;1020;1009;998;1096;1058;1224;1464;1478;1445;1582;1456;1534;1515;1593;1521;1320;1167;1154;1118;1025;1173;1326;1454;1461;1399;1280;1316;1304;1280;1137;863;794;714;800;783;747;867;861;908;987;1070;966;958;880;818;782;788;767;661;631;707;705;784;683;579;589;628;572;532;443;459;486;495;462;368;389;354;367;421;294;320;351;391;397;427;418;369;386;380;391;301;203;123;128;134;127;148;127;79;97;108;148;151;105;86;149;156;125;62;29;26;41;49;108;105;73;42;38;36;31;60;76;51;84;62;84;96;115;115;130;166;203;162;221;290;205;206;212;246;190;214;223;150;173;172;136;117;111;86;60;69;81;96;105;93;96;49;11;1;
2;1580271;2604382;2657482;2495720;2352885;2253890;2180232;2113429;2053065;1994339;1937421;1876403;1823125;1765897;1711473;1662845;1616194;1564630;1515156;1470164;1427580;1388254;1346367;1302816;1266876;1225761;1190125;1153876;1122620;1088625;1056382;1023879;985817;954400;921880;894320;868701;841097;813701;785886;762710;743869;723821;705586;682329;661326;642932;625292;603934;584962;568319;551344;533219;518911;503077;484432;470698;455516;443062;428156;413266;399784;386321;373776;362450;353456;343164;332758;324471;314075;304775;294013;284220;275041;265347;258603;249762;240586;230808;224399;217365;210845;203258;196031;187845;181802;177110;172190;167937;161611;153870;148970;143715;136357;133882;130880;126480;120944;117073;114159;110060;106345;103470;99765;95955;92658;90671;88072;85539;81589;78522;77389;76200;74131;71309;69596;67756;66459;64258;61814;60367;59000;57038;56257;54421;51465;49413;46917;45619;44855;44450;43587;42227;41071;40510;39657;38304;36317;34784;33927;33514;32716;31933;31916;30743;30025;28988;27907;27351;26628;26397;25299;24226;23710;22410;21095;20556;19828;19429;18626;17975;17162;17345;17756;17038;16516;16020;15702;14953;14849;14441;13703;13384;12999;12378;11803;11531;11379;10593;9816;9513;8911;8755;8561;7876;7610;7275;7252;7048;7124;6571;6122;5642;5766;5613;5179;4598;4710;4705;4566;4630;4602;4329;4256;3869;3646;3816;3628;3134;3105;3114;3081;2920;2815;2535;2395;2471;2367;2242;2150;2194;2254;2278;2076;2146;1945;1657;1479;1297;1328;1293;1031;1049;1048;995;1074;1052;982;1008;1090;1128;993;988;1053;1296;1459;1499;1475;1485;1558;1604;1556;1527;1405;1250;1129;1175;1149;1060;1310;1292;1383;1476;1385;1266;1351;1332;1191;1061;840;734;738;800;759;777;838;889;905;1029;1109;942;865;850;805;838;808;773;571;655;716;763;742;664;510;564;657;587;518;485;418;483;551;438;368;379;362;392;382;272;301;384;400;376;402;414;388;406;361;327;294;180;125;114;136;164;150;105;108;86;113;145;131;108;113;155;148;85;47;24;29;54;80;110;79;61;50;32;23;25;71;77;69;72;76;88;97;108;113;157;169;206;174;275;224;190;231;221;226;184;262;192;137;169;141;151;99;96;74;76;73;81;97;118;108;79;26;8;2;
seed 2
0.98;
0;916377;1932829;2424102;2433637;2352287;2274248;2204543;2146200;2085911;2029263;1970109;1918931;1865426;1808790;1749696;1698189;1641812;1588815;1541814;1494750;1448512;1409200;1367600;1330553;1285756;1244279;1205910;1167635;1133945;1098502;1068046;1040533;1009328;976397;942672;914935;886077;861507;832855;803672;775317;749570;732256;709687;689394;674363;649684;626103;607847;588197;569684;553239;534779;517407;500419;485632;470419;456730;443483;428644;412116;398972;385067;373073;363909;353766;342567;332755;325536;317335;307084;297180;286144;276298;268705;259906;253158;241887;235049;227974;219626;213623;206639;199223;194346;190940;184516;178928;174595;169207;163594;159544;154582;152171;147438;143107;138186;132589;128254;124615;121021;117193;113716;109271;104712;102026;99151;96855;93224;93222;90338;87417;84705;82289;79928;77975;75379;74010;72751;70963;68154;65781;63307;59517;57406;55874;54534;53068;51783;49879;48522;46547;45388;44451;43230;41727;41544;40045;38088;36680;36301;35371;34486;32839;31655;31490;29708;29033;27253;26412;24814;24272;24330;23433;23459;22865;21872;20755;21701;20904;21072;21287;19786;19270;19075;18936;18475;17870;17135;17070;16445;16078;15555;15893;15532;15272;15288;15151;14790;14174;13805;13215;12821;12878;12955;12782;12902;12756;12309;12074;12012;11657;10957;10989;10531;10055;9663;9376;9133;8578;8153;7632;6919;6841;6805;7010;7135;6325;6096;6222;5860;5862;5469;5511;5240;4905;4861;4708;4554;4403;4271;4159;3597;3661;3459;3218;3134;2906;2749;2751;2452;2428;2393;2288;2373;2461;2578;2447;2240;2033;1734;1751;1739;1630;1621;1437;1439;1671;1625;1444;1525;1601;1613;1488;1261;1180;1119;1124;1153;1219;1171;1012;842;809;639;590;528;635;545;467;436;378;340;282;302;359;272;345;278;282;247;217;212;144;189;181;141;121;110;106;101;146;152;158;86;86;97;90;83;95;97;117;119;109;58;82;34;3;8;9;26;25;22;38;44;26;49;91;88;74;34;33;26;47;61;37;41;51;59;45;44;28;36;53;44;31;31;57;42;40;105;217;246;160;113;155;212;284;300;222;252;271;257;290;293;279;254;233;238;252;277;186;211;205;180;243;236;257;182;111;133;138;87;85;143;114;81;111;88;114;99;95;74;45;7;14;7;7;10;13;
1;1103178;2275339;2604914;2508282;2379919;2276437;2200194;2132606;2070501;2011442;1954081;1900384;1844731;1785558;1729810;1675044;1618150;1566874;1523132;1481837;1433587;1393728;1354778;1311662;1269092;1229602;1189087;1154680;1118933;1088172;1058424;1027394;998984;963541;930967;904797;875211;852567;818202;790300;766284;743649;724461;700762;683848;662877;640387;618090;600764;581849;562698;545363;527375;511345;495261;480393;467485;452194;437158;421133;407501;392204;380279;368839;359072;349694;338810;331806;323252;312754;303428;293102;281833;272724;265195;256855;248243;240188;231956;225171;217463;210658;203823;197168;192922;188452;182165;177294;172618;166538;161146;157777;153929;151734;146121;141057;135358;130066;126920;123408;119406;115751;112647;108043;103420;100865;98262;95423;92975;91803;89953;86301;83948;81367;79201;76840;74463;73458;72368;70511;67263;64448;61848;58670;56722;55064;54664;52214;51094;48958;47959;46134;45096;44340;42233;41186;40881;39813;37702;36831;35631;34874;33433;32505;31245;30882;29222;28754;27169;25399;25090;23944;24005;23290;23115;22675;21508;21331;21375;21016;21012;20402;19306;19088;19451;18760;17877;17654;17003;16859;16717;15905;15889;15733;15551;15219;14953;15095;14991;13862;13428;13038;12997;12816;12805;12779;13102;12591;12303;11949;11748;11284;11225;10715;10414;10035;9709;9353;8745;8293;7696;7374;6950;6957;7081;7001;6579;6218;6136;5902;5900;5701;5775;5564;5050;4718;4745;4595;4265;4281;4245;4089;3696;3725;3388;3260;3008;2868;2642;2597;2385;2430;2458;2322;2534;2469;2595;2209;2097;1936;1711;1747;1673;1643;1514;1505;1586;1658;1563;1455;1626;1588;1443;1415;1272;1191;1082;1119;1107;1216;1111;1007;837;755;593;506;515;591;585;478;433;395;294;341;281;300;313;375;290;243;229;204;189;169;171;174;132;113;96;82;93;153;181;110;91;113;101;81;82;91;110;138;122;98;65;29;21;16;10;18;16;17;26;45;45;38;57;94;87;43;38;31;30;50;56;32;48;53;52;41;52;18;31;45;58;30;44;41;42;91;128;173;215;179;137;171;243;255;281;264;252;230;293;318;294;275;246;231;218;276;233;216;185;196;208;275;241;208;154;121;140;115;88;120;137;91;114;111;100;71;105;83;49;33;11;14;8;10;18;
2;1565987;2578589;2639481;2481488;2351562;2253839;2174739;2108583;2047428;1990362;1938302;1882786;1825041;1764672;1712236;1656893;1602355;1553493;1510141;1463405;1421580;1381666;1342048;1297930;1256944;1214947;1176265;1143880;1107239;1078411;1050759;1020069;986092;951739;923314;897228;869684;839308;809088;782460;757692;737520;718102;695503;678047;655679;632349;612049;593855;576397;559159;540094;521459;505260;489828;476389;462166;446186;432879;415829;403181;388543;376349;366204;356710;345704;337391;328723;319740;310540;299429;289472;278468;271398;263596;253867;245530;237112;230113;222448;214352;208503;202098;195704;192175;187128;180379;175375;169767;164557;160718;156002;153697;148801;145011;138697;134417;129023;125663;122151;118615;115528;109875;106448;102679;99426;97537;94603;93325;91810;88233;86036;82981;80423;78199;75642;74384;73657;71889;68908;66345;64206;60613;57836;55918;55335;53574;52113;50525;48828;47308;45731;44925;43685;41929;41168;40413;38712;37336;36592;35535;34560;32907;32173;30965;30357;29358;28120;26592;25245;24506;24248;23816;23106;23012;22173;21594;21352;21147;21265;20681;20018;19212;19246;19140;18435;18110;17662;16834;16961;16365;15515;15660;15838;15297;15649;14829;14775;14748;13839;13254;13077;12742;12734;12967;12965;12631;12354;12377;11992;11788;10970;10932;10822;10381;9854;9581;9136;8472;8244;7496;7347;6895;7094;6990;6875;6550;6020;6128;5956;6109;5656;5540;5421;5061;4607;4680;4542;4258;4343;4275;3821;3740;3499;3295;3255;2991;2808;2596;2526;2358;2403;2460;2325;2488;2534;2399;2324;2028;1835;1738;1843;1647;1570;1558;1526;1623;1611;1506;1549;1558;1562;1491;1353;1251;1124;1117;1121;1155;1171;1044;969;806;653;578;503;547;633;529;480;386;352;306;305;346;304;326;323;282;245;201;193;167;173;198;150;136;97;104;99;131;136;156;89;91;96;114;77;111;111;97;127;118;77;60;37;10;20;16;10;19;20;34;42;35;42;64;80;71;63;46;42;33;43;36;30;43;70;64;52;34;38;28;38;51;24;45;39;54;86;129;243;208;131;161;194;260;280;292;234;230;261;265;334;305;240;267;206;272;244;188;215;198;219;211;254;253;195;122;134;155;107;90;132;118;91;102;101;101;80;89;86;53;14;12;14;14;16;3;
seed 3
0.98;
0;925196;1948580;2441767;2440989;2355415;2275832;2208149;2146215;2094069;2034368;1976012;1928422;1868041;1821404;1766824;1708219;1652681;1594892;1545472;1498068;1451946;1400160;1356949;1318200;1282332;1242623;1203577;1165544;1127979;1098132;1066258;1031321;1003039;970819;941245;914471;888112;860713;837699;808939;783867;758248;732347;707269;687877;667146;645021;622624;604179;586269;568483;552177;538188;522241;508656;491997;478525;465291;448875;432618;422085;409766;396280;382276;371898;357609;345130;335594;326336;314362;306526;297561;289228;278445;269976;262227;252621;243385;237434;229878;221256;215139;212149;206079;199216;191951;185016;180213;174539;169993;163718;159351;155717;150756;146264;141406;136344;132187;128056;126171;124437;122337;118300;115061;110978;107595;103609;100382;98603;93185;89787;87642;84821;82357;79219;75294;72919;70973;68772;66243;64200;62436;60378;59590;56978;54136;53135;50629;49149;46690;44731;43780;43389;41714;40626;38789;37856;36966;35908;35070;34082;33035;31811;29451;29007;27853;27255;26585;25782;25942;25359;24647;23559;23102;22369;21558;21505;21272;20695;20708;20563;19174;18606;18437;17185;17267;17310;16786;15982;15063;14864;14614;14180;13824;13630;12791;12662;11934;10863;10660;10324;10333;10769;10280;9882;9855;9969;9336;8725;8437;8069;7997;7657;6999;6933;6398;6179;6074;5774;5514;5161;4924;4755;4210;4318;4001;4232;4299;4321;4497;4647;4601;4234;4356;3965;3772;3841;4145;3685;3564;3488;3332;3178;2991;2836;2652;2604;2678;2570;2618;2215;2130;1967;1968;1657;1642;1581;1547;1550;1386;1333;1305;1243;1072;1004;930;827;695;616;697;610;531;549;585;655;622;535;500;496;505;563;561;520;490;538;543;525;457;490;486;454;459;458;407;355;301;336;416;472;573;667;608;474;426;347;296;311;277;295;301;256;220;283;276;308;380;339;234;226;244;222;231;186;110;113;85;61;35;8;20;16;
1;1111811;2297852;2622362;2515362;2379677;2276844;2200840;2136107;2078404;2014424;1959812;1909619;1852349;1802908;1738776;1689617;1630757;1571397;1523277;1478241;1431943;1388423;1344377;1301830;1264386;1226749;1190560;1147767;1118193;1087394;1055012;1019886;990633;960806;930414;903932;877415;851657;826653;798932;773746;746306;722963;699970;680431;658334;635691;616057;596554;578831;562412;548215;532095;515906;501788;486069;472974;458556;443726;429643;417024;403369;390206;378224;365867;352127;343076;332963;322225;311708;303251;294529;284321;274937;266461;257481;249270;241920;233868;226503;219673;214063;209847;203068;196310;189078;183154;178422;172694;168049;162084;157025;153163;149248;144196;139745;135384;130888;127357;125203;124277;120281;117067;112420;110166;105470;102063;99518;96761;92778;89837;86234;82950;81566;77110;74326;72443;70736;67724;64570;63313;61970;60366;58737;55617;53372;52161;49895;48662;45972;44742;43459;42107;41589;40185;38615;37628;36175;35213;34437;33483;32539;30786;29593;28520;27993;27144;26131;25954;25214;25157;24105;23610;22877;21961;21955;21400;21434;20606;20671;19810;19104;18535;17748;17423;17318;16939;16444;15439;15089;14637;14614;13873;13875;13319;12784;12113;11448;10731;10711;10493;10555;10534;9967;9968;9788;9435;9240;8797;8457;8046;7824;7450;6998;6564;6384;5908;5953;5604;5414;5127;4923;4399;4236;4396;4233;4171;4180;4310;4659;4650;4553;4211;4143;3927;3898;3926;3934;3655;3455;3593;3299;3114;2919;2752;2603;2738;2629;2588;2425;2165;1999;1922;1840;1664;1578;1566;1548;1496;1470;1314;1288;1200;1074;1010;816;798;645;676;686;575;522;554;555;609;618;520;465;453;528;610;556;569;524;519;523;454;479;452;499;468;493;463;346;296;332;380;478;576;606;559;502;459;420;311;285;319;281;275;290;239;259;280;299;339;340;294;286;234;240;199;218;145;144;91;73;43;30;13;18;4;
2;1581989;2600125;2649486;2489760;2351373;2251282;2178568;2114182;2052569;1993699;1944470;1890283;1836598;1779398;1727248;1667874;1611299;1554892;1511815;1463862;1417841;1372754;1331145;1292065;1254303;1213379;1176161;1138242;1109257;1076471;1040889;1012124;980378;948428;922751;893744;870189;844119;818078;791197;765515;737198;716873;694783;673494;651892;629538;609723;590589;574298;558410;541352;527461;512705;495496;481251;468785;452479;438679;426315;413104;399982;386757;373183;361961;348888;339520;328577;318982;309647;300687;291311;281982;270982;263698;254523;247689;239616;231288;224887;218061;212329;207571;200864;194517;187249;180884;175788;170947;165825;160548;156428;151904;147842;142997;138407;132945;129864;127011;125240;122445;119164;116105;112181;108359;104493;101676;98504;94744;91402;88914;85027;83520;79775;75809;74204;71846;69212;66459;64446;63129;61788;60258;57624;54842;52775;51523;49793;47299;45133;44409;43779;42759;40482;39163;38034;37246;35874;34733;34341;33126;31754;29969;29490;28303;27902;26956;26222;25690;25172;25024;24042;23498;22283;22098;21724;21373;20991;20509;20314;19786;19043;18345;17802;17087;17485;16765;16150;15086;14925;14550;14372;14042;13509;13077;12639;12048;11309;10786;10559;10387;10582;10357;9878;10002;9760;9522;8975;8428;8336;8162;7713;7359;6767;6420;6351;5942;5886;5593;5308;4828;4775;4456;4243;4144;4130;4215;4309;4619;4649;4754;4517;4079;3990;3840;3961;3871;3842;3614;3578;3349;3258;3110;2925;2761;2572;2741;2667;2469;2206;2131;2126;1893;1682;1578;1538;1577;1612;1566;1387;1315;1230;1124;1057;995;823;695;639;694;706;534;524;560;592;630;513;532;482;475;573;596;515;556;542;542;479;486;477;416;470;510;492;380;318;355;341;409;489;567;590;543;525;445;382;293;336;281;314;250;263;245;247;290;315;366;307;320;236;219;245;212;210;134;125;84;54;36;26;16;20;2;
seed 4
0.98;
0;905195;1910197;2394130;2398531;2315545;2237789;2168761;2112325;2049086;1992633;1935813;1880661;1826715;1780567;1734449;1686065;1639458;1590052;1534829;1489208;1445211;1398760;1356016;1312082;1273419;1238377;1201829;1163141;1123235;1089549;1055544;1026867;997221;965040;934906;903804;880952;853580;832163;810675;790420;772881;751423;724136;701628;678836;657917;638595;624617;603504;583623;565576;551312;538072;521517;504667;490539;474090;461007;449770;430161;416125;402143;387094;372070;361596;349250;337497;328405;316477;309214;299892;293211;282478;274453;268534;262716;253774;245208;240358;234248;225758;219911;213825;208929;202661;196733;190472;184255;177912;170990;165736;163612;160973;155924;148661;143361;141351;136802;131455;128825;124442;121282;117530;114246;111253;106559;103163;100505;99487;95770;92883;90292;88225;84274;82367;78546;76032;73357;71700;68433;65538;62505;60114;58136;56046;54176;52722;52255;51068;49009;48484;46827;44336;41869;39716;38456;37643;35894;34738;33634;33089;31530;30169;29590;29165;28181;26977;26249;25142;25357;25207;24925;23104;22885;22958;21706;20799;19935;19526;18988;18059;16848;16051;15982;16191;15965;15503;14538;14760;14294;13608;13080;13122;13776;13834;14107;13663;13147;12427;11380;10950;11203;10828;10616;10411;9994;9024;8859;8542;8177;8003;8251;7701;7481;7013;6641;6512;6191;6170;5793;5262;5116;5247;5104;5143;4935;4998;4595;4707;4557;4545;4525;4089;4046;4001;4211;4224;4150;4336;4684;4473;4182;4390;4456;4176;4090;3934;3989;3633;3233;3292;3469;3449;3224;3299;3049;2786;2853;2688;2652;2437;2495;2729;2926;2783;3093;2806;2684;2780;2623;2204;2163;2182;2349;2324;2241;2159;2003;1917;1778;1824;1854;1553;1436;1478;1495;1282;1160;1115;1011;844;996;944;955;982;948;985;930;969;1057;1182;1318;1105;959;833;750;640;572;497;429;479;535;486;440;452;429;460;366;385;426;491;426;372;452;475;333;347;312;354;403;350;259;284;281;314;378;499;556;550;516;487;421;406;277;270;205;199;147;108;97;93;108;154;147;206;310;262;270;246;248;251;196;161;128;193;266;206;196;168;68;62;72;73;35;33;34;29;52;61;59;108;142;121;157;214;257;205;238;236;239;203;189;236;142;136;122;131;112;142;219;223;205;236;210;142;128;139;156;108;90;43;44;45;38;66;55;40;62;75;28;31;38;38;54;30;36;27;29;36;15;12;37;20;
1;1088564;2255653;2569925;2471323;2342146;2235981;2162101;2099763;2031620;1972711;1915328;1862831;1814240;1764678;1715732;1667586;1619776;1568026;1516429;1470756;1426304;1382609;1339608;1295565;1261955;1223449;1186052;1147289;1108775;1076580;1044288;1014075;984382;954918;922101;894026;871074;846887;822723;805030;782173;765214;740275;714463;689983;671789;651336;635805;614525;595292;579121;561839;545305;531537;513235;498328;484884;471247;456425;439434;425819;409340;395510;381267;367337;356357;345649;334639;324320;314975;304862;299040;287773;280018;273432;264954;257669;251127;244041;237927;230372;223797;217270;211900;206546;200733;193582;188640;181379;174578;169224;164410;163422;159452;152701;146785;142791;138980;134488;131071;127363;122171;119686;116595;113461;108880;105089;102194;100406;98252;94723;91478;90431;86704;82992;80640;78104;74662;73014;70231;67340;64097;61337;58778;57113;55663;53743;52995;52168;50155;48911;47718;45251;43612;40930;39271;38481;37087;35248;34531;33920;31811;30803;29660;29509;28823;27435;26891;25993;25151;25318;24942;24374;23317;22799;22447;21500;20600;19409;19438;18619;17456;16548;16093;16273;15943;15677;15076;14783;14610;14080;13382;13299;13232;13839;13727;14051;13474;12950;11979;11341;10931;10989;10831;10259;10192;9818;9082;8667;8222;8128;8152;7947;7769;7237;7051;6720;6227;6178;6148;5596;5230;4977;5112;5221;5105;5061;4890;4468;4396;4629;4461;4305;4050;4259;4091;4044;4260;4399;4446;4658;4211;4417;4428;4177;4132;4100;3968;3738;3303;3377;3454;3383;3335;3280;3308;2807;2888;2795;2813;2549;2556;2604;2755;2901;2915;2976;2747;2833;2617;2309;2210;2144;2149;2373;2329;2293;2031;1984;1822;1803;1823;1801;1546;1513;1412;1358;1221;1254;1072;929;896;926;931;977;1042;957;949;932;969;1131;1241;1299;1021;872;781;728;582;594;482;466;487;474;538;446;393;402;390;430;419;446;464;447;425;436;400;284;327;346;347;423;304;256;282;316;322;363;573;544;535;568;492;402;352;280;198;172;175;154;120;89;86;126;185;223;215;244;264;248;306;253;214;159;155;165;224;248;235;190;88;65;52;64;58;44;32;31;33;52;54;75;116;136;159;149;248;256;199;217;244;239;232;202;191;120;125;120;145;119;162;216;223;206;247;199;151;136;107;128;109;75;44;59;42;46;49;53;61;54;47;46;32;52;36;49;34;27;35;28;20;19;21;25;7;
2;1546736;2552243;2602017;2445459;2310512;2213211;2139055;2072962;2008341;1951727;1900058;1850008;1796606;1748517;1698873;1653337;1599757;1549815;1503226;1458005;1413446;1369328;1325635;1286928;1247294;1210739;1174061;1135228;1096466;1066400;1037922;1004590;975749;944229;912405;886938;861926;838317;818197;798630;778032;756842;732357;705873;683977;664497;647439;628398;609504;588118;572118;555358;541079;526428;509211;493352;479304;466897;452995;436643;419980;405535;390624;376025;363299;353578;341770;331013;322069;310557;302751;295647;286174;276312;270852;264098;255130;248342;241839;235142;227659;222304;215855;210680;204154;198253;191854;185251;180054;173426;168480;165137;162469;156324;149704;145465;142085;138214;133566;129555;125048;121304;118234;115532;112720;107105;104429;102075;100118;97117;93436;91276;88907;85670;82690;80050;76585;73454;72413;69346;66369;63591;59992;58341;56755;55303;53549;52570;51261;49881;48613;46754;44979;42246;40346;38585;38519;36522;34751;34087;33647;31750;30441;29884;28998;28301;27488;26401;25798;25404;24877;24667;23998;23286;22886;22174;21216;20159;19234;19145;18292;17305;16383;16031;16086;16307;15595;14953;14648;14370;13830;13045;13240;13374;14046;14055;13625;13203;12648;11947;11246;11084;10880;10567;10220;10105;9420;9003;8603;8171;8183;7911;7784;7591;7387;7011;6435;6146;6133;5709;5548;5257;5199;5151;5075;5023;4967;4790;4607;4499;4474;4428;4119;4234;4148;4063;4218;4300;4265;4509;4562;4293;4383;4394;4170;4069;4091;3853;3702;3335;3356;3511;3333;3296;3379;3135;2792;2949;2803;2702;2518;2536;2648;2824;2845;3020;2787;2809;2821;2645;2266;2100;2194;2201;2348;2337;2140;1960;1986;1798;1867;1778;1658;1521;1502;1413;1301;1286;1152;1004;892;916;1003;956;971;918;931;974;950;1045;1158;1281;1256;950;819;830;627;617;532;459;465;492;462;503;494;403;399;396;416;459;471;429;452;393;416;335;368;328;332;383;358;256;274;297;326;364;429;527;531;591;545;470;407;254;251;228;164;154;140;127;95;96;126;230;209;248;231;255;307;272;233;212;156;142;174;218;249;189;161;103;63;60;53;50;18;31;42;51;58;69;76;141;142;153;190;235;219;227;246;239;219;195;197;184;112;130;118;130;146;190;206;222;270;231;162;125;124;139;124;91;44;46;43;52;48;54;55;57;91;32;21;33;45;44;44;29;38;39;21;23;15;32;14;4;
seed 5
0.98;
0;911162;1920737;2406424;2413796;2337292;2261959;2191277;2122905;2069308;2013518;1952906;1894063;1843147;1782713;1731706;1682467;1631401;1577893;1530382;1480976;1432970;1389794;1348752;1313312;1278035;1232889;1197607;1167125;1134174;1098609;1060967;1033664;1005471;973712;946464;914994;886268;859553;829757;803357;783164;759742;738607;719840;699524;680828;660079;644005;623044;602630;584372;566372;549209;527764;511774;498112;481793;463192;451234;440778;430372;417958;405932;391672;380463;368463;357742;344603;334044;325355;318290;309030;302652;292663;284047;274879;265572;256951;247456;240536;233383;227068;220232;213885;207206;197803;190714;183508;177638;172349;166808;161052;157227;152258;146817;141592;137157;133121;129236;126795;121134;117314;112253;110201;107497;103178;100401;96337;94004;91486;88310;84573;80148;78793;76783;74472;73389;71363;71669;68689;66232;63567;62418;60110;57549;55890;54231;52631;49881;48042;47281;46048;44025;42873;41064;40915;40262;39455;39176;36971;35852;34286;32159;31620;31183;30426;29434;28534;27741;26042;25134;24403;23552;22980;22402;22341;21652;21401;20279;20366;20338;19787;19089;18277;18347;17721;16964;16661;16875;15614;14963;14352;13931;13774;13704;13127;13401;12626;12674;12774;12786;11918;11543;11587;11271;10485;10149;10036;10101;9877;9244;8935;8900;8932;8282;8249;8118;8093;7350;6975;7016;6646;6515;5814;5864;5854;5585;4973;4737;4522;4223;4305;4398;4348;4241;3977;4134;4043;3892;3599;3323;3223;2948;2670;2755;2600;2605;2508;2397;2588;2249;2229;2346;2422;2253;2192;2107;2008;2299;2108;2083;1963;1800;1734;1535;1568;1464;1458;1598;1387;1276;1268;1174;1027;887;953;902;980;964;1096;1003;947;964;776;865;889;938;1104;1144;1044;1031;1008;825;809;764;794;706;606;467;409;410;380;380;434;468;509;483;376;385;339;294;318;375;355;224;189;188;169;115;76;67;35;5;
1;1091042;2263648;2586661;2488413;2365083;2266176;2185119;2111506;2053083;1993848;1934138;1875559;1817739;1767700;1712068;1661370;1611568;1560097;1509738;1458101;1413056;1374296;1335723;1299853;1259868;1218122;1185640;1156767;1120540;1084765;1053623;1023115;989744;962528;934383;903827;875301;847560;820727;795578;774776;752727;730835;710954;691243;672975;653906;634971;614663;595663;578169;560979;540887;523058;503528;490856;474878;460545;447507;436101;424739;412351;400042;387993;377154;366240;352748;340143;330274;322390;313311;306093;299061;288570;280379;270707;262773;253719;244906;237284;231829;224217;217828;210426;203932;196373;188597;180746;175577;169871;164936;160057;154901;149597;144371;140165;135736;132257;128524;125152;119062;114968;110471;109395;106696;102668;98271;94928;92391;90131;87085;82508;80218;77560;76088;74726;72086;71895;70497;67373;65597;62510;61830;59549;56788;55060;53484;51315;49439;47540;46258;45005;43851;42410;41110;40321;39939;39105;38265;37198;35310;33698;31778;31793;30990;29615;28438;28121;27127;25395;24802;24187;23700;22741;22563;22242;21549;20958;20407;20936;20076;19191;18808;18165;17973;17310;17170;16845;16411;15273;14346;14288;13718;13723;13480;13293;13095;12902;12787;12678;12307;11975;11471;11366;11032;10557;10276;10053;9924;9528;9328;8837;8849;8625;8333;8328;7937;7754;7473;7025;6803;6444;6199;5841;6043;5684;5250;4886;4544;4352;4361;4477;4302;4172;4165;4128;4033;3974;3686;3512;3353;3099;2867;2784;2674;2491;2546;2454;2435;2560;2309;2218;2445;2399;2142;2171;2055;2140;2235;2246;1993;1665;1865;1625;1573;1545;1505;1480;1537;1375;1220;1277;1076;882;844;937;1013;952;999;1050;1011;998;968;847;876;968;1056;1074;1025;1053;921;960;803;790;850;732;684;580;424;420;403;370;397;452;461;496;452;393;364;303;284;326;407;299;206;203;193;127;85;78;71;12;2;
2;1555133;2561191;2618060;2464572;2337472;2238814;2155571;2089587;2033306;1972783;1915187;1856860;1802167;1748106;1695444;1645921;1595417;1545305;1492092;1444844;1400673;1362034;1322507;1286230;1245211;1207724;1176130;1146009;1109072;1074942;1042174;1012095;982230;954963;923903;894475;865327;838517;814940;788577;768413;746840;723940;703359;684678;668984;647899;628452;607636;590356;572517;554021;535167;516649;500485;486390;469528;454042;444481;432219;421819;408885;395995;384398;373097;361665;349250;336979;328402;319216;311352;302448;296747;286748;276733;268480;259267;250485;242960;236341;229218;221739;215597;208878;201433;192328;185467;179984;174639;168428;162669;158960;153113;147475;143038;139287;134353;130704;128031;123197;118018;113639;110731;107738;104727;100995;97576;94212;92132;88967;85258;81400;79302;77401;75461;73711;71867;71913;69039;66986;64532;62684;61313;58651;56412;54450;52706;50746;49151;47438;45672;44218;43284;42074;40882;39871;39753;39338;37925;36478;34520;32887;32190;31274;30568;29244;28593;28009;26641;25027;24170;24179;23272;22873;22252;22127;21658;20510;20571;20742;19724;19013;18610;18169;17710;17478;16881;16810;15541;15212;14400;14058;13795;13661;13321;13397;13108;12866;12780;12546;12234;11920;11527;11238;10501;10576;10161;9929;9996;9547;9137;8797;8720;8541;8074;8087;8022;7614;7288;6963;6726;6277;6152;6022;5995;5641;5059;4559;4525;4414;4286;4337;4311;4312;4248;4177;3950;3772;3787;3333;3222;3077;2905;2766;2520;2626;2444;2400;2551;2436;2192;2311;2353;2279;2217;2192;2127;2261;2210;2102;1997;1767;1730;1487;1584;1523;1566;1489;1538;1289;1268;1167;1023;912;940;971;901;918;1009;1115;992;983;935;863;845;918;1050;1080;1088;1010;1011;898;775;778;837;699;629;551;435;398;397;360;426;441;468;457;454;385;365;297;308;355;354;294;181;188;179;138;88;77;30;8;1;
seed 6
0.98;
0;918275;1935407;2429084;2435715;2361963;2274811;2197853;2137556;2070507;2008673;1955497;1900915;1832891;1780055;1732218;1681952;1634731;1586094;1538741;1493756;1449895;1407824;1368892;1327523;1284953;1247164;1217502;1173008;1134827;1099607;1065568;1035191;1001201;973321;944125;916665;892536;868864;842183;816574;797407;771418;747253;722093;702389;683880;666448;645685;622245;603027;581051;557845;536278;520943;508020;493534;477976;463579;449833;438118;425078;411881;399502;386133;374760;361379;351177;340002;329932;317861;308058;297292;291146;282989;274264;264459;256741;249092;241418;234290;228089;220400;212761;205346;197929;191127;185105;180268;175359;168897;163322;155965;153813;149052;143305;139486;134922;131904;127944;124320;120431;118604;115201;110675;107306;102812;98968;95610;93242;89849;87102;83786;80697;78282;76102;74210;71633;69484;68056;66162;63481;60392;58439;55681;54204;52649;51856;51285;50300;50174;48524;47627;46962;46330;44107;42476;41015;40125;38492;38024;37317;35525;34632;33733;32349;30440;28608;28109;27466;26515;26193;25506;24956;24375;24105;23042;21908;21517;21193;20985;20166;19315;18264;17554;16974;15683;15532;15568;15027;14190;14339;13744;13073;13099;12783;12143;11418;10921;10993;10670;10359;10465;10051;9393;8851;8612;7920;8019;8141;7686;7323;7463;7361;7198;7094;6563;6602;6736;6875;6481;6203;6047;5650;5437;4782;4946;4596;4587;4492;4310;4519;4201;4289;4322;4511;4292;4142;4168;3946;3812;3782;3411;3365;3287;3144;3339;3253;3374;3471;3081;2782;2876;2923;3087;3350;3051;2622;2363;2091;2163;1934;1932;1597;1502;1580;1419;1225;1247;1404;1205;1090;1012;1036;985;1118;1120;1008;1017;944;879;808;691;761;778;769;779;844;794;784;772;671;651;578;500;527;554;576;483;477;371;387;446;450;466;497;494;568;576;537;531;525;518;554;544;563;717;634;525;497;452;402;337;235;238;307;249;147;185;158;154;144;145;99;59;53;69;46;32;37;60;46;45;56;49;84;55;66;20;18;15;33;43;5;
1;1102876;2281569;2607216;2514525;2388284;2278331;2193939;2117360;2051507;1991398;1935408;1875522;1811418;1762243;1713062;1663522;1617618;1565965;1522769;1477408;1433769;1390679;1352335;1307955;1271930;1235361;1200760;1158740;1121897;1087727;1053470;1021040;991238;963228;932839;906413;883314;858385;833136;809308;785826;760476;738238;716857;695133;676893;657669;636729;615411;593567;569007;549464;531097;516984;502459;486182;473967;459231;444602;431418;420219;407877;394119;383387;370288;357237;347623;335537;323946;313841;303042;295292;288689;279901;268510;261168;254456;245763;237299;233274;226513;217171;210482;202837;195074;189937;182108;179217;171003;166611;159778;155967;151815;146793;143009;137956;133093;129413;127211;123081;120631;117512;112758;108499;105580;101249;97858;94896;92486;88459;84912;82201;79932;77591;75277;73634;70958;69193;67298;65444;61972;59491;56299;55135;53911;52105;52080;50740;50231;49563;48236;48201;46566;45412;43005;41715;41037;39347;38458;37772;36776;34816;34360;33341;31163;29485;28850;27881;27019;26277;25832;25153;24888;24652;23976;22514;22051;21491;20993;20552;19658;18744;18079;17151;16588;15735;15596;15328;14517;14206;14109;13248;13108;13140;12481;11838;11406;11022;10806;10384;10199;10199;9906;9298;9054;8224;7993;8011;7875;7370;7551;7356;7452;7002;6929;6550;6969;6808;6591;6216;6069;5961;5687;5257;4814;4642;4642;4658;4499;4489;4380;4408;4225;4234;4303;4316;4190;4138;3844;3884;3522;3529;3200;3192;3239;3156;3357;3368;3203;3005;2767;2943;3058;3294;3230;3021;2438;2228;2103;2082;2089;1710;1604;1599;1434;1262;1235;1248;1281;1159;1123;1053;1046;1020;981;1156;1073;939;908;830;768;789;751;773;821;832;844;768;768;707;641;594;531;528;573;485;512;562;434;395;446;395;425;459;475;533;596;554;483;556;542;562;625;521;592;699;609;499;462;439;431;283;265;294;263;187;149;156;147;139;152;138;73;51;60;69;56;31;40;57;36;57;50;55;67;58;59;24;23;33;36;12;
2;1567758;2586312;2643930;2491136;2351640;2246979;2167493;2097480;2028189;1971900;1913954;1855357;1794719;1743355;1697319;1647240;1602003;1554778;1507086;1464441;1420715;1376916;1339710;1297386;1257343;1224825;1188247;1146267;1109677;1075205;1044356;1015315;981315;950016;925362;901414;875843;850790;825074;799729;776830;752932;730172;710453;690430;671717;651117;628424;606127;587516;562827;543524;526590;512350;498012;483370;469751;453476;439789;428887;416678;403219;389550;378591;365636;355357;344018;331537;319409;311190;300632;292407;285582;276865;266520;258565;251084;243443;236844;231773;222958;215552;207916;200243;193438;186273;182354;176155;170371;163826;158337;154882;150264;145083;140530;136650;132216;128587;125838;122195;119126;115930;111941;107386;104367;100444;97161;94695;90551;86650;84126;81760;79287;76969;74583;72740;70313;69086;66865;64175;61168;58497;55962;54587;53557;52403;51656;49942;49839;49235;48098;47432;46070;45024;43008;41646;40493;39135;37770;37313;35850;35073;34052;33096;30623;29108;28188;27681;26714;26151;25618;25226;25056;24579;23549;22312;21809;21214;20711;20096;19429;18788;17926;16838;15862;15650;15642;15111;14568;13998;13864;13354;13085;12874;12492;11838;11044;10877;10694;10237;10161;10076;9822;9198;8641;8138;7948;8138;7844;7515;7403;7301;7278;7087;6704;6718;6859;6764;6540;6139;6064;5874;5440;4986;4866;4847;4720;4489;4331;4460;4515;4182;4258;4351;4319;4326;4051;4056;3800;3717;3577;3476;3301;3173;3064;3212;3472;3386;3162;2921;2852;2841;3262;3314;3167;2750;2363;2245;2027;2089;1950;1662;1562;1514;1389;1279;1216;1327;1265;1189;1091;1003;1070;1109;1065;1007;985;945;925;821;749;702;748;824;879;795;784;805;782;691;581;529;518;574;535;572;552;496;365;412;425;429;453;509;473;572;601;474;513;557;558;583;588;528;638;662;565;481;464;394;401;277;244;285;240;183;179;155;161;137;148;103;52;53;75;54;53;38;58;39;35;42;69;69;53;66;36;18;33;35;33;5;
seed 7
0.98;
0;918774;1932014;2428822;2439374;2357660;2283820;2214075;2155406;2095174;2035718;1976639;1917846;1864464;1810368;1757945;1700132;1646853;1597244;1552949;1506485;1463027;1421530;1383968;1342175;1305899;1264444;1227190;1188511;1150189;1113459;1073293;1036139;1002539;973693;940322;908933;877591;852302;825651;798132;769855;750762;725617;703925;682506;662683;639841;620424;599656;583133;564329;547117;532748;513375;497414;482993;468198;451890;438109;427349;410445;394012;379078;368738;357989;345399;332245;323496;313235;306184;297155;288174;278944;270912;264196;254114;248422;239647;231869;223808;218911;213859;209780;203123;193621;188264;180727;176652;172961;167556;163165;158387;154290;149031;144104;140100;136808;131486;127678;124430;120537;116500;113043;110152;106544;104445;101171;98506;95727;92314;89036;85555;81575;78447;76782;73411;72049;70564;68361;65825;63016;61534;58209;56546;55621;53687;52142;51565;50497;49391;47428;47248;46158;44810;43470;42759;42528;41824;40162;39037;37831;37147;36664;35129;34776;33682;32384;31029;30008;29421;28510;27957;27302;25990;25394;25319;24659;24275;23693;22636;22433;21174;20173;19180;18788;17986;16470;16481;15492;15520;15341;14705;14554;14623;14136;13295;13287;12573;12132;11783;11417;11513;11459;10473;10088;9854;9697;9168;8765;8598;8254;8360;8452;8046;7724;7855;7968;7642;7565;7464;6999;7088;6918;6600;6638;7061;6893;7040;6642;6616;6002;5875;5616;5552;5320;5027;5146;5154;4977;5037;4857;4690;4611;4445;4239;4382;4315;4292;4391;3951;3745;3907;3776;3603;3428;3416;3410;3120;3265;3012;3044;2875;3027;3259;2718;2499;2362;2500;2466;2538;2562;2619;2753;2566;2339;2240;1984;2077;2094;2118;2020;2198;1806;1683;1484;1369;1331;1353;1250;1159;1347;1388;1367;1390;1505;1389;1366;1372;1403;1478;1406;1389;1130;961;823;843;777;846;802;799;1010;979;916;825;961;1032;913;873;821;773;861;860;1003;1117;1071;949;1053;953;779;721;633;538;530;451;413;348;304;387;436;379;374;365;353;296;215;289;242;249;261;247;200;219;154;163;232;269;226;197;259;321;281;209;140;112;108;117;133;144;117;103;44;32;20;16;25;43;39;14;3;
1;1104392;2281094;2610266;2513061;2385315;2288271;2206989;2142575;2078232;2016360;1956553;1898829;1844668;1788994;1731553;1678734;1628346;1581055;1534456;1490380;1447702;1410802;1365117;1327122;1292065;1250263;1212126;1173768;1135058;1097069;1058400;1021998;991311;960751;927819;894791;868038;844861;817964;787619;762558;740694;714378;694605;673114;653506;633845;612540;593967;576630;559098;540656;524305;507128;490736;476549;461470;446615;433877;419930;404057;389530;377090;364117;352487;339325;327408;320357;310473;302735;292629;285196;276543;267300;260636;253480;244245;237075;228633;221453;217770;211576;206803;198726;192457;186178;179113;174627;169875;165731;162217;156584;152361;147486;142920;138057;134499;129781;126427;122714;119762;114877;111740;108686;106370;103143;100542;97604;93688;91254;88161;84192;80660;77416;75111;73239;70953;69974;67380;65121;62178;59707;57455;56625;54941;52992;51923;51058;49737;48077;47326;47757;45859;44220;43608;42800;42101;40700;39307;38974;37879;37282;35918;34160;34117;33037;31471;31048;30049;28769;28149;27749;26728;25825;25462;24890;24697;24480;23214;22784;21929;20555;19712;19089;18622;17470;16289;16224;15379;15502;15048;14656;14552;14391;13833;13390;12849;12399;12098;11502;11649;11320;11018;10581;9966;9553;9748;8750;8867;8451;7941;8571;8317;8169;7873;7790;7623;7522;7671;7171;7195;7097;6755;6670;6749;6989;6966;7005;6686;6340;6061;5596;5598;5331;5299;5077;5042;5122;5167;4898;4767;4710;4417;4231;4371;4364;4320;4243;4160;4164;3938;3812;3647;3584;3269;3561;3399;3168;3078;2920;2811;3022;3075;3245;2652;2390;2457;2433;2452;2566;2609;2682;2738;2484;2278;2074;1973;2071;2248;2070;2163;1970;1755;1526;1426;1350;1407;1291;1239;1223;1278;1445;1340;1416;1333;1512;1496;1345;1339;1347;1394;1420;1017;913;856;785;842;791;835;914;971;874;973;843;1008;1005;862;875;824;759;943;905;1012;1090;992;981;1027;927;757;678;617;529;484;408;429;339;337;393;350;375;360;398;388;309;210;235;258;276;262;205;188;204;162;196;241;246;238;244;305;289;235;123;121;126;128;139;117;116;126;87;42;18;18;25;30;36;34;17;
2;1567395;2583314;2646645;2489769;2357596;2256164;2185688;2118814;2055596;1999259;1937246;1875786;1824966;1773842;1717568;1663261;1611885;1564579;1517083;1478630;1435672;1395692;1352303;1315059;1277608;1240479;1201327;1161631;1121007;1085669;1046666;1012771;981223;950670;918096;886385;860915;836228;805144;778870;755664;732728;708437;689026;667203;646921;626808;605085;589133;569799;552122;536932;520039;502228;485749;472296;454975;441244;431089;414513;398945;384538;373607;360905;350246;335449;323935;316865;308646;300684;289802;281578;274055;265194;257781;249994;241136;233452;225906;220879;217511;210904;204777;195690;188663;183866;178235;173626;169237;165168;158929;155408;151129;146020;141388;137822;133005;128080;124577;121608;118757;113736;110750;107981;105512;102885;98782;96344;93543;89891;86458;82616;79691;77463;74091;72201;71018;68572;66465;64146;61859;58888;57161;56006;54461;52773;51445;50813;49201;48170;47600;46795;45563;43992;43306;42632;41612;39945;39595;38321;37505;37472;35356;34288;33463;32710;31625;30368;29489;28792;28222;27423;26129;25746;25379;24743;24400;24254;22859;22562;21471;20443;19554;18744;18299;16956;16352;15956;15503;15454;14951;14500;14401;14303;13741;13094;12654;12367;11975;11641;11550;11279;10755;10133;9815;9522;9574;8931;8690;8469;8136;8452;8134;7944;7950;7883;7701;7522;7473;7312;7131;6956;6695;6605;6802;7004;7022;6830;6598;6258;5962;5650;5706;5179;5085;4951;5099;5185;4984;5021;4728;4512;4373;4248;4462;4369;4387;4219;4182;3919;3715;3965;3718;3337;3503;3481;3245;3023;3115;2931;2884;2969;3183;2930;2535;2486;2509;2364;2513;2503;2643;2778;2588;2441;2258;2023;2114;2113;2137;2082;2199;1955;1618;1452;1383;1377;1348;1281;1190;1267;1363;1427;1423;1405;1318;1385;1381;1383;1418;1374;1441;1272;1040;894;808;785;778;802;881;928;947;936;929;992;989;900;843;823;854;831;900;962;993;1050;1020;1029;1007;871;758;635;580;520;420;394;397;344;386;376;351;369;423;403;339;260;214;257;251;257;248;200;220;197;156;200;249;238;214;281;297;277;218;143;106;120;110;117;138;144;110;63;34;27;30;28;25;34;25;4;
seed 8
0.98;
0;897312;1889982;2371564;2374090;2292345;2217876;2158692;2102467;2044370;1984452;1939120;1883027;1822820;1766421;1712283;1662398;1618510;1563186;1509933;1463967;1423626;1382315;1339491;1302349;1261894;1222646;1187473;1148058;1114549;1074641;1045452;1014661;984945;955570;923587;900008;872967;846394;826346;804473;783570;758591;734706;711701;691788;672798;652751;636353;616443;597069;576598;557692;543224;531280;517044;503034;487023;474945;463472;447656;434938;424515;415061;404325;391452;378098;366257;356402;345529;335183;326926;318322;308790;301054;292159;283097;273430;264387;253990;246007;236648;231575;222822;215981;211893;205798;200664;195916;188281;182021;178567;172917;168007;162351;157338;153793;151088;146317;141761;136692;131894;125543;121614;117216;114462;112827;110993;108211;104751;101612;97926;94139;90219;86753;84031;81056;80312;77812;76198;75165;72554;71867;69743;67385;66232;65519;64672;62039;59865;58638;56056;53755;51490;50342;48800;47033;44893;44189;43765;42808;39734;38694;37353;36277;34843;34275;32619;32578;31388;30982;30268;29771;28910;28047;27545;26385;25673;24912;24088;23605;22414;22552;22716;21738;22062;20938;19659;18682;18398;17990;16683;16730;16329;15539;15304;14557;14368;13787;13605;13583;13289;13067;12879;12330;11816;11505;10824;10586;10611;10155;9357;9495;9049;9217;8463;8138;7667;7079;7038;6707;6273;6082;5910;5843;5602;5679;5114;4646;4747;4322;4229;4140;3697;3523;3653;3394;3136;2999;3157;2922;2843;2906;3070;3200;2852;2472;2545;2325;2196;2179;2113;2154;1934;1870;1965;1958;1913;1614;1578;1747;1524;1695;1812;1632;1469;1495;1428;1509;1556;1349;1289;1098;1127;1008;963;825;709;528;642;555;500;404;354;380;321;308;262;312;361;293;207;178;102;83;80;121;166;192;154;179;175;174;163;193;157;148;161;169;186;208;283;287;310;263;263;220;168;209;261;210;220;244;268;235;271;260;251;148;113;96;89;108;78;44;43;27;25;19;15;14;14;9;17;18;26;24;15;11;10;27;34;15;7;10;13;17;15;
1;1077699;2229499;2544572;2444178;2318795;2228704;2155151;2089797;2024579;1972252;1918849;1863808;1801097;1744931;1693812;1643238;1597241;1541529;1493000;1446116;1404825;1365304;1328481;1286175;1245830;1211369;1171189;1133881;1098199;1064181;1033211;1003473;974414;945925;914198;889042;862599;838281;817132;796858;772394;746804;726725;705739;684542;663026;647147;629001;608801;587519;568288;552103;539019;525766;513478;495728;483657;469800;456810;443639;429173;421108;410941;399462;385510;374285;363376;352051;341125;331563;323911;314908;307041;297360;288134;278358;270449;260245;251362;242026;235491;227354;219661;215141;208795;205502;198122;191816;186405;181452;175995;170690;165305;160124;156610;152365;149803;145214;140018;134973;128226;124122;119598;116294;114791;111653;109766;107362;103622;99791;96381;92777;88766;85337;82635;80455;78936;76750;76423;75174;72468;70748;69331;66602;65795;65233;63382;60986;58793;57509;55691;52911;51321;49702;48323;46511;44440;44009;43495;41404;39338;37927;36522;35679;35254;33687;32736;31831;31407;30508;30242;30171;28375;27722;26510;25754;25229;24725;24386;23515;22339;22317;22376;22193;21464;20089;19224;18776;18426;17478;16683;16567;16256;15381;14652;14262;14135;14078;13485;13382;13185;13040;12837;12304;11664;11033;10730;10746;10376;9469;9493;9405;9221;8757;8261;8004;7493;7220;7055;6600;6230;5961;5881;5830;5677;5413;5142;4663;4357;4258;4205;4029;3626;3472;3345;3358;3201;3100;3169;2847;2861;3057;2966;3142;2616;2378;2412;2302;2183;2158;2093;2173;1959;1956;1961;1852;1797;1572;1561;1694;1656;1826;1736;1566;1447;1449;1509;1567;1551;1313;1202;1077;1017;992;896;746;628;611;583;514;459;394;417;348;333;309;293;312;292;269;188;133;95;93;94;141;188;177;136;199;190;187;170;152;131;149;163;178;204;244;265;253;319;239;272;236;205;245;211;225;247;244;238;281;263;287;169;102;110;106;100;79;67;53;29;40;10;15;14;11;8;10;23;33;16;25;11;15;16;18;34;15;14;11;27;9;
2;1532560;2522288;2574493;2418472;2296530;2203993;2131486;2064112;2005293;1954880;1902513;1839978;1782617;1728135;1676899;1630806;1577291;1525936;1477398;1435181;1394541;1351165;1312722;1273223;1236620;1198930;1159799;1124661;1085491;1051097;1023993;994819;965579;934131;906086;878837;854130;832687;811266;788414;763737;741465;718554;701175;678683;657826;641850;621727;600514;580984;563623;549033;536267;520595;506824;491250;478342;465474;453450;438499;428531;417628;407281;395653;381886;369260;359802;349045;338875;329173;321428;312327;303493;294172;286197;275834;265699;256462;248351;238758;233630;225613;218353;213302;208995;202394;196275;189741;185042;179604;174148;168873;163923;158857;155095;152562;147736;144051;138202;132674;127181;122079;118332;115735;113471;111848;109226;105954;102085;99021;95827;91098;87606;84342;81978;79767;78190;77551;76122;73287;72110;70271;68352;66229;65437;64894;62690;60876;58695;56277;54573;52450;50656;49397;47888;45125;44279;44025;43037;41075;38646;37417;36508;35467;34449;33066;32765;32093;30794;30475;30186;29400;27997;27121;26614;26617;25058;24722;23702;22768;22175;22485;22053;21634;21333;20108;19558;18632;18098;16967;16509;16277;15858;15232;14769;14467;13896;13645;13462;13551;12986;13024;12897;12393;11627;10728;10735;10368;9922;9407;9557;9472;9146;8463;8285;7848;7295;7204;6963;6399;5966;5876;5984;5734;5637;5461;4752;4506;4482;4433;4163;3726;3518;3507;3484;3210;3088;3047;3052;2834;2938;3168;3197;2799;2557;2380;2369;2342;2174;2136;2112;1940;1924;2001;1925;1881;1729;1631;1649;1574;1730;1702;1739;1519;1480;1445;1568;1566;1380;1312;1189;1099;996;1040;800;696;649;593;525;517;426;369;371;354;347;313;300;369;285;225;158;87;93;89;125;145;179;164;166;238;171;169;163;135;154;167;161;183;210;248;294;259;277;261;243;221;222;224;221;233;213;246;277;271;274;263;147;116;98;85;100;93;48;46;41;35;12;10;17;19;7;17;26;18;24;15;10;15;15;29;34;12;12;22;13;4;
seed 9
0.98;
0;921249;1942200;2440766;2453693;2373040;2292474;2218052;2152816;2100870;2041407;1981456;1918608;1867059;1810885;1761017;1702780;1650289;1595431;1547348;1498227;1451176;1413409;1362759;1324773;1287868;1249776;1206969;1169212;1133362;1098555;1063860;1028526;997433;966627;939428;908609;875462;849156;822106;799613;775772;751919;729480;706060;681664;659643;641283;619533;601548;584304;567000;550216;532785;516189;500835;483201;469688;458431;440893;427802;412448;402401;390511;377416;365678;356260;345505;337111;325633;315751;306077;296437;287913;281920;272168;262706;254187;246102;240991;234049;229215;222249;215230;209279;203415;197377;193898;188315;185631;179198;172831;166907;159917;154213;149385;143714;140680;135878;132011;128100;126358;122583;117636;112373;109298;106000;103856;99349;96445;92725;90510;87623;85683;82388;80162;76754;73987;71374;68662;66877;64123;62978;59969;59018;57460;56579;54326;53555;51794;49137;47541;46106;44389;42954;42147;39880;38100;37258;36709;36277;35421;34770;32929;31249;30405;28925;28119;28213;27138;25691;25562;24030;23030;21808;21298;20229;19316;18864;18581;17421;16627;15965;14686;14454;13876;13290;12996;12402;12011;11449;11153;10848;10517;10354;10460;9860;9515;9420;9037;8359;7819;7634;7164;7018;6959;7097;6813;7120;6468;6220;5850;5931;5383;5441;4956;4646;4586;4767;4897;4210;4215;4228;4135;3986;3701;3450;3322;3075;3025;2683;2570;2242;2034;1897;2049;1876;1886;1781;1652;1588;1646;1622;1880;1919;1982;1908;1940;1995;1993;2142;2215;1941;1901;1865;1757;1801;1921;1897;1562;1588;1580;1365;1455;1457;1569;1500;1514;1503;1395;1500;1602;1333;1240;1270;1182;1006;994;1038;923;971;775;783;761;611;712;673;652;638;763;751;809;736;716;686;781;1079;1010;1079;1154;1156;1070;894;924;808;843;874;989;1251;1272;1238;1098;967;889;880;950;826;891;807;744;702;787;976;946;875;875;856;659;596;535;518;472;501;464;399;380;511;591;586;539;545;662;617;480;388;378;382;426;530;618;454;406;388;362;320;267;263;288;354;292;311;349;351;332;349;351;338;380;463;395;458;542;684;596;453;443;465;450;456;440;473;408;544;645;545;544;502;433;362;328;435;358;322;351;335;404;456;436;306;306;262;248;261;275;209;226;253;367;314;193;165;147;120;134;143;182;155;134;143;85;103;95;76;85;75;86;143;100;80;67;54;52;61;74;56;58;61;53;84;74;44;17;19;36;29;38;45;26;12;9;27;29;33;11;4;3;
1;1104922;2289867;2624744;2525728;2401585;2294130;2214642;2142067;2083349;2021814;1958441;1899818;1847174;1791560;1739641;1683190;1627923;1576209;1527716;1478285;1442078;1393265;1348984;1309243;1270343;1234560;1191302;1154906;1119514;1085506;1051209;1017191;985041;955761;926302;896434;864431;837458;813929;790030;766337;742997;717149;694999;674143;653546;633043;614760;595526;576640;560222;542159;528128;510622;494467;478105;464154;450853;436032;423221;409591;397384;384135;373566;361022;352733;341933;332649;322613;311194;303071;294128;285350;277167;268133;260020;250926;243407;238037;231557;225725;219311;212732;207839;202102;195913;192554;186417;183458;177311;170034;162832;158505;153419;146910;143239;139124;133944;130116;127164;124316;120366;115798;111032;108304;105215;102152;98855;95184;91772;89453;87822;84536;81289;78459;74949;72582;70396;68309;65857;63064;61475;60294;58284;56982;55725;54378;52423;50627;48684;47395;45168;43976;43002;40750;39405;37603;36928;36509;36080;34858;33458;32852;31176;29498;28543;28281;27840;26640;25640;25084;23775;22674;21692;20746;20001;18977;18618;18093;17225;16255;15409;14730;14344;13492;13157;12837;12313;11601;11319;11115;10750;10438;10437;10171;9695;9539;9144;8597;8187;7844;7428;7118;7017;7043;6985;6938;6948;6342;6000;5987;5471;5464;5480;4907;4667;4650;4731;4581;4294;4144;4131;4064;3997;3505;3384;3305;3151;2913;2524;2411;2192;2000;2006;1978;1864;1879;1693;1497;1552;1664;1781;1894;1914;1953;1922;2095;2050;1908;2124;2102;2017;1913;1741;1820;1768;1919;1881;1593;1473;1504;1363;1498;1557;1517;1483;1514;1521;1494;1712;1462;1253;1147;1216;1123;1006;1004;1084;956;809;809;713;671;672;700;542;681;756;799;758;722;692;718;838;932;1053;1053;1091;1119;1057;1066;798;833;813;847;964;1006;1382;1324;1175;1026;941;865;802;896;864;875;833;715;772;858;909;973;862;936;811;657;576;548;495;462;432;438;431;390;507;627;503;600;669;605;586;418;398;378;381;479;539;517;432;399;363;366;293;228;319;352;360;275;327;352;292;339;378;355;370;371;381;454;503;527;640;568;502;487;474;453;482;419;397;448;532;685;536;526;412;423;372;394;405;373;330;360;382;389;463;378;295;267;239;275;269;269;201;282;296;329;224;188;147;140;108;130;183;171;163;143;107;86;97;83;84;96;82;113;121;80;89;61;61;73;65;56;44;68;57;49;83;62;23;27;19;29;29;56;40;18;18;29;28;29;14;7;2;1;
2;1571662;2592753;2663284;2503862;2370200;2266228;2183990;2121309;2059244;2000406;1937336;1883954;1829551;1775229;1719375;1663854;1610292;1562873;1513695;1466122;1421182;1380625;1337219;1298913;1259998;1220123;1178080;1143514;1108196;1073815;1039255;1006913;977248;948032;916706;884561;857438;830649;805644;783128;758005;734726;711688;688451;666763;645475;626000;606886;590198;573568;554675;538676;522647;505732;488904;472956;461202;445803;431472;417720;406521;392636;381218;369743;357561;349671;339293;329452;317372;308766;300526;290677;282709;275213;265832;256940;248212;242199;236077;229940;224584;216341;211400;205843;199349;195795;190083;185160;181108;175366;168516;161736;157223;150222;145721;142329;137025;132821;129252;126739;122850;118211;113888;110343;107475;104347;100860;97709;94451;91137;88038;86578;84362;80971;77363;73829;71486;69707;67292;65354;63000;60906;59627;57729;56831;55150;53708;52068;49797;48567;46319;44465;43848;42304;40438;38763;37721;36839;36176;35745;34383;32977;32022;30605;29306;28609;28141;27537;26201;25428;25005;23627;22157;21367;20661;19226;19170;18515;17967;16760;15984;15153;14359;14109;13578;13057;12662;12078;11582;11184;10956;10611;10385;10211;10086;9801;9355;9270;8455;7994;7650;7086;7080;7077;7044;6774;7090;6733;6230;6078;5956;5418;5408;5355;4823;4510;4722;4793;4390;4369;4234;4066;4097;3736;3469;3353;3189;3002;2810;2580;2339;2052;1984;1987;1926;1887;1824;1725;1543;1552;1688;1823;1887;1899;1934;1987;2052;2074;2055;2147;2011;1954;1864;1825;1708;1902;1877;1606;1664;1541;1429;1479;1487;1450;1513;1511;1456;1521;1689;1621;1429;1196;1100;1190;1098;1020;1046;1048;865;797;803;669;676;678;600;679;711;742;723;778;732;775;709;866;979;1009;1024;1194;1125;1071;921;821;869;768;837;1036;1126;1351;1264;1142;968;906;871;873;932;878;820;755;720;834;897;946;899;860;929;730;595;597;527;461;432;443;419;412;457;586;592;541;631;620;601;516;390;372;404;432;498;548;457;392;431;368;342;285;283;300;346;286;358;350;345;325;308;341;363;364;371;406;432;513;616;667;518;513;473;429;499;460;383;411;496;573;606;565;492;459;374;365;402;383;357;320;350;401;433;439;371;275;240;241;249;273;231;240;299;328;308;210;160;154;110;129;154;195;170;141;127;95;98;96;70;98;98;100;109;94;72;82;69;46;64;73;58;48;70;67;65;64;63;23;22;17;40;39;44;36;17;23;21;32;22;12;6;3;1;
